fid,Unique ID,Year,Tag,SL No,Traffic ps,Cr no,Latitude,Longitude,Location of Black spot,Date (DD/MM/YYYY),Time ( in 24 hours),Fatal,GI,MI,Severity,Crash Category,Accused,Victim,Vehicles Involved,Type of Crash,Cause of Crash,Raw Date and Time,Raw Road Users Involved,Raw Type of Accident,Raw Collision Type and Vehicle,Raw Cause of Crash,Raw Fatality,context_primary,context_2,context_3,context_count,junction_primary,junction_roads,known_junction,ctx_toll,ctx_petrol_pump,ctx_bus_stop,ctx_merge_point,ctx_ramp_entry_exit,ctx_entry_exit_to_land_use,ctx_along_main_road,ctx_along_service_road,ctx_along_secondary_local_road,ctx_unclassified,footpath_present,crossing_250m,fob_or_subway_250m,validation,notes,Type of User,Combinations
1,3_20/2022,2022,Legitimate,3,Halasuru Tr,20/2022,12.947462,77.640802,DELL TO AIRVIEW JUNCTION KORMANGALA INNER RING ROAD,25/03/2022,15:30:00,,1.0,,Non-Fatal,Vehicle-Pedestrian,Vehicle,Pedestrian,Vehicle and Pedestrian,Hit from Side,Rash and Negligent,25.03.2022     at 15:30,Pedstrian,,Hit From Side ,RASH AND NEGLIGENT,Vehicle to Pedstrain,T Junction,,,1.0,primary x service,primary x service,,FALSE,FALSE,FALSE,FALSE,FALSE,FALSE,FALSE,FALSE,FALSE,FALSE,FALSE,FALSE,TRUE,1,,Hit Pedestrian,['Hit Pedestrian - Hit from Side x T Junction']
2,4_157/2023,2023,Unique,4,Halasuru Tr,157/2023,12.948134,77.640797,DELL TO AIRVIEW JUNCTION KORMANGALA INNER RING ROAD,01/10/2023,14:40:00,1.0,,,Fatal,Self Accident,Object,2W,Object and 2W,Hit Fixed Object,Rash and Negligent,01.10.2023 at 14:40,Two whelers Rider ,Fixed/Stationary Object,Self Accident ,RASH AND NEGLIGENT,,Along Service Road,Along Main Road,,1.0,,,,FALSE,FALSE,FALSE,FALSE,FALSE,FALSE,FALSE,TRUE,FALSE,FALSE,,,,1,,,"['Hit Fixed Object x Along Service Road', 'Hit Fixed Object x Along Main Road']"
3,6_26/2023,2023,Legitimate,6,Halasuru Tr,26/2023,12.947634,77.640835,DELL TO AIRVIEW JUNCTION KORMANGALA INNER RING ROAD,16/02/2023,07:20:00,,1.0,,Non-Fatal,Self Accident,2W,Self,2W and Self,Skidding,Rash and Negligent,16.02.2023 at 07:20 am,Two whelers Rider ,Skid and Fall,Self Accident,RASH AND NEGLIGENT,,Along Service Road,Along Main Road,,1.0,,,,FALSE,FALSE,FALSE,FALSE,FALSE,FALSE,FALSE,TRUE,FALSE,FALSE,,,,1,,,"['Skidding x Along Service Road', 'Skidding x Along Main Road']"
4,7_138/2023,2023,Unique,7,Halasuru Tr,138/2023,12.946097,77.640051,DELL TO AIRVIEW JUNCTION KORMANGALA INNER RING ROAD,20/07/2023,06:30:00,,1.0,,Non-Fatal,Vehicle-Vehicle,Vehicle,Cycle,Vehicle and Cycle,Hit from Side,Rash and Negligent,20.07.2023 at 06:30 am,Bycycle Rider,Vehicle to Bycycle ,Hit from Side ,RASH AND NEGLIGENT,,Intersection,Bus Stop,,1.0,primary x primary_link,primary x primary_link,,FALSE,FALSE,TRUE,FALSE,FALSE,FALSE,FALSE,FALSE,FALSE,FALSE,,,,1,,,"['Hit from Side x Intersection', 'Hit from Side x Bus Stop']"
5,13_165/2023,2023,Unique,13,Halasuru Tr,165/2023,12.947634,77.640835,DELL TO AIRVIEW JUNCTION KORMANGALA INNER RING ROAD,11/11/2023,22:30:00,,1.0,,Non-Fatal,Self Accident,2W,Self,2W and Self,Skidding,Rash and Negligent,11.11.2023 at 22:30,Two whelers Rider ,Skid and Fall,Self Accident,RASH AND NEGLIGENT,,Along Main Road,,,1.0,,,,FALSE,FALSE,FALSE,FALSE,FALSE,FALSE,FALSE,TRUE,FALSE,FALSE,,,,1,,,['Skidding x Along Main Road']
6,9_45/2024,2024,Legitimate,9,Halasuru Tr,45/2024,12.949113,77.640966,DELL TO AIRVIEW JUNCTION KORMANGALA INNER RING ROAD,09/06/2024,06:40:00,1.0,,,Fatal,Vehicle-Pedestrian,Vehicle,Pedestrian,Vehicle and Pedestrian,Hit from Side,Rash and Negligent,09.06.2024 at 06:40 am,Pedstrian,Vehicle to Pedstrain,Hit From Side ,RASH AND NEGLIGENT,,Along Main Road,,,0.0,,,,FALSE,FALSE,FALSE,FALSE,FALSE,FALSE,FALSE,FALSE,FALSE,FALSE,FALSE,FALSE,FALSE,1,,Hit Pedestrian,['Hit Pedestrian - Hit from Side x Along Main Road']
7,10_075/2024,2024,Unique,10,Halasuru Tr,075/2024,12.948134,77.640797,DELL TO AIRVIEW JUNCTION KORMANGALA INNER RING ROAD,25/08/2024,17:10:00,1.0,,,Fatal,Self Accident,2W,Self,2W and Self,Skidding,Rash and Negligent,25.08.2024 at 17:10 PM,Two whelers Rider ,Skid and Fall,Self Accident,RASH AND NEGLIGENT,,Along Main Road,,,1.0,,,,FALSE,FALSE,FALSE,FALSE,FALSE,FALSE,FALSE,TRUE,FALSE,FALSE,,,,1,,,['Skidding x Along Main Road']
8,17_91/2024,2024,Legitimate,17,Halasuru Tr,91/2024,12.946047,77.640018,DELL TO AIRVIEW JUNCTION KORMANGALA INNER RING ROAD,08/10/2024,08:30:00,,1.0,,Non-Fatal,Vehicle-Vehicle,2W,2W,2W and 2W,Hit from Back,Rash and Negligent,08.10.2024 at 08:30,Two whelers Rider ,Vehicle to Vehicle ,Hit From Back,RASH AND NEGLIGENT,,Intersection,Bus Stop,,1.0,primary x primary_link,primary x primary_link | primary x service,,FALSE,FALSE,TRUE,FALSE,FALSE,FALSE,FALSE,FALSE,FALSE,FALSE,,,,1,,,"['Hit from Back x Intersection', 'Hit from Back x Bus Stop']"
16,49_004/2023,2023,Unique,49,WHITEFIELD,004/2023,12.946916,77.746351,VARTHURU KODI TO VARTHURU BRIDGE,10/01/2023,11:30:00,,1.0,,Non-Fatal,Vehicle-Vehicle,Canter,2W,Canter and 2W,Head-On,Rash and Negligent,10.01.2023 at around 11:30,Vehicle to Vehicle,Canter & Motor Cycle,Head on Collision,Rash &Negligence Driving,,Entry/Exit to Land Use,Entry/Exit to Land Use,Along Service Road,3.0,,,,FALSE,TRUE,FALSE,FALSE,FALSE,TRUE,FALSE,TRUE,FALSE,FALSE,,,,1,,,"['Head-On x Entry/Exit to Land Use', 'Head-On x Along Service Road']"
41,4_47/2022,2022,Unique,4,Halasuru Tr,47/2022,12.954604,77.641388,DELL TO AIRVIEW JUNCTION KORMANGALA INNER RING ROAD,08/05/2022,,1.0,,,Fatal,Vehicle-Pedestrian,Vehicle,Pedestrian,Vehicle and Pedestrian,Hit from Side,Rash and Negligent,08.05.2022 at 2022,Pedestrian,,Hit From Side ,RASH AND NEGLIGENT,Vehicle to Pedstrain,Bus Stop,T Junction,,1.0,primary x tertiary,primary x tertiary,,FALSE,FALSE,TRUE,FALSE,FALSE,FALSE,FALSE,FALSE,FALSE,FALSE,TRUE,TRUE,TRUE,1,,Hit Pedestrian,"['Hit Pedestrian - Hit from Side x Bus Stop', 'Hit Pedestrian - Hit from Side x T Junction']"
42,5_53/2022,2022,Legitimate,5,Halasuru Tr,53/2022,12.954554,77.64131,DELL TO AIRVIEW JUNCTION KORMANGALA INNER RING ROAD,01/06/2022,01:30:00,1.0,,,Fatal,Self Accident,Object,2W,Object and 2W,Hit Fixed Object,Rash and Negligent,01.06.2022  at 01:30,Two Wheeler Rider ,,Self Accident,RASH AND NEGLIGENT,Fixed/Stationary Object,T Junction,,,0.0,primary x tertiary,primary x tertiary,,FALSE,FALSE,FALSE,FALSE,FALSE,FALSE,FALSE,FALSE,FALSE,FALSE,,,,1,,,['Hit Fixed Object x T Junction']
43,6_90/2022,2022,Legitimate,6,Halasuru Tr,90/2022,12.954892,77.641422,DELL TO AIRVIEW JUNCTION KORMANGALA INNER RING ROAD,09/07/2022,15:15:00,,1.0,,Non-Fatal,Self Accident,Object,3W,Object and 3W,Hit Fixed Object,Rash and Negligent,09.07.2022 at 15:15,Autorikshaw ,,Self Accident,RASH AND NEGLIGENT,Fixed/Stationary Object,T Junction,,,0.0,primary x tertiary,primary x tertiary,,FALSE,FALSE,FALSE,FALSE,FALSE,FALSE,FALSE,FALSE,FALSE,FALSE,,,,1,,,['Hit Fixed Object x T Junction']
44,7_128/2022,2022,Legitimate,7,Halasuru Tr,128/2022,12.953197,77.640644,DELL TO AIRVIEW JUNCTION KORMANGALA INNER RING ROAD,17/12/2022,23:40:00,,,1.0,Non-Fatal,Vehicle-Vehicle,Vehicle,2W,Vehicle and 2W,Head-On,Rash and Negligent,17.12.2022 at 23:40,Two whelers Rider ,,Hit from Head Collision,RASH AND NEGLIGENT,Vehicle to Vehicle ,Entry/Exit to Land Use,Entry/Exit to Land Use,,2.0,primary x service,primary x service,,FALSE,TRUE,FALSE,FALSE,FALSE,TRUE,FALSE,FALSE,FALSE,FALSE,,,,1,,,['Head-On x Entry/Exit to Land Use']
45,2_35/2023,2023,Legitimate,2,Halasuru Tr,35/2023,12.953197,77.640644,DELL TO AIRVIEW JUNCTION KORMANGALA INNER RING ROAD,23/02/2023,17:30:00,1.0,,,Fatal,Vehicle-Vehicle,Vehicle,3W,Vehicle and 3W,Hit from Back,Rash and Negligent,23.02.2023 at 17:30,Autorikshaw ,Vehicle to Vehicle ,Hit from Back,RASH AND NEGLIGENT,,Entry/Exit to Land Use,Entry/Exit to Land Use,,2.0,primary x service,primary x service,,FALSE,TRUE,FALSE,FALSE,FALSE,TRUE,FALSE,FALSE,FALSE,FALSE,,,,1,,,['Hit from Back x Entry/Exit to Land Use']
46,5_16/2023,2023,Legitimate,5,Halasuru Tr,16/2023,12.954469,77.641267,DELL TO AIRVIEW JUNCTION KORMANGALA INNER RING ROAD,11/01/2023,21:00:00,,1.0,,Non-Fatal,Self Accident,2W,Self,2W and Self,Skidding,Rash and Negligent,11.01.2023 at 21:00,Two whelers Rider ,Skid and Fall,Self Accident ,RASH AND NEGLIGENT,,T Junction,,,1.0,,,,FALSE,FALSE,FALSE,FALSE,FALSE,FALSE,TRUE,FALSE,FALSE,FALSE,,,,1,,,['Skidding x T Junction']
47,8_141/2023,2023,Unique,8,Halasuru Tr,141/2023,12.953053,77.640577,DELL TO AIRVIEW JUNCTION KORMANGALA INNER RING ROAD,25/07/2023,20:00:00,,1.0,,Non-Fatal,Vehicle-Vehicle,Vehicle,Cycle,Vehicle and Cycle,Hit from Back,Rash and Negligent,25.07.2023 at 20:00,Bycycle Rider,Vehicle to Bycycle ,Hit from Back,RASH AND NEGLIGENT,,Entry/Exit to Land Use,Entry/Exit to Land Use,,2.0,primary x service,primary x service,,FALSE,TRUE,FALSE,FALSE,FALSE,TRUE,FALSE,FALSE,FALSE,FALSE,,,,1,,,['Hit from Back x Entry/Exit to Land Use']
48,10_150/2023,2023,Legitimate,10,Halasuru Tr,150/2023,12.954388,77.641247,DELL TO AIRVIEW JUNCTION KORMANGALA INNER RING ROAD,07/09/2023,08:20:00,,1.0,,Non-Fatal,Vehicle-Pedestrian,Vehicle,Pedestrian,Vehicle and Pedestrian,Hit from Side,Rash and Negligent,07.09.2023 at 08:20 am,Pedstrian,Vehicle to Pedstrain,Hit From Side ,RASH AND NEGLIGENT,Junction,T Junction,,,2.0,primary x residential,,,FALSE,FALSE,FALSE,FALSE,FALSE,TRUE,FALSE,TRUE,FALSE,FALSE,TRUE,FALSE,TRUE,1,,Hit Pedestrian,['Hit Pedestrian - Hit from Side x T Junction']
49,11_152/2023,2023,Unique,11,Halasuru Tr,152/2023,12.954735,77.641262,DELL TO AIRVIEW JUNCTION KORMANGALA INNER RING ROAD,15/09/2023,00:10:00,,1.0,,Non-Fatal,Self Accident,2W,Self,2W and Self,Skidding,Rash and Negligent,15.09.2023 at 00:10 am,Two whelers Rider ,Skid and Fall,Self Accident,RASH AND NEGLIGENT,,T Junction,,,0.0,primary x tertiary,primary x tertiary,,FALSE,FALSE,FALSE,FALSE,FALSE,FALSE,FALSE,FALSE,FALSE,FALSE,,,,1,,,['Skidding x T Junction']
50,12_161/2023,2023,Unique,12,Halasuru Tr,161/2023,12.954469,77.641267,DELL TO AIRVIEW JUNCTION KORMANGALA INNER RING ROAD,15/10/2023,06:00:00,,,1.0,Non-Fatal,Self Accident,2W,Self,2W and Self,Skidding,Rash and Negligent,15.10.2023 at 06:00 am,Two whelers Rider ,Skid and Fall,Self Accident,RASH AND NEGLIGENT,,T Junction,,,1.0,,,,FALSE,FALSE,FALSE,FALSE,FALSE,FALSE,TRUE,FALSE,FALSE,FALSE,,,,1,,,['Skidding x T Junction']
51,11_083/2024,2024,Legitimate,11,Halasuru Tr,083/2024,12.954594,77.641259,DELL TO AIRVIEW JUNCTION KORMANGALA INNER RING ROAD,11/09/2024,22:15:00,1.0,,,Fatal,Vehicle-Vehicle,Vehicle,2W,Vehicle and 2W,Hit from Back,Rash and Negligent,11.09.2024 at 22:15 pm,Two whelers Rider ,Vehicle to Vehicle ,Hir from Back,RASH AND NEGLIGENT,,T Junction,,,0.0,primary x tertiary,primary x tertiary,,FALSE,FALSE,FALSE,FALSE,FALSE,FALSE,FALSE,FALSE,FALSE,FALSE,,,,1,,,['Hit from Back x T Junction']
52,12_085/2024,2024,Unique,12,Halasuru Tr,085/2024,12.954594,77.641259,DELL TO AIRVIEW JUNCTION KORMANGALA INNER RING ROAD,27/09/2024,22:30:00,1.0,,,Fatal,Self Accident,2W,Self,2W and Self,Skidding,Rash and Negligent,27.09.2024 at 22:30 am,Two wheelers Pillon Rider,Skid and Fall,Self Accident,RASH AND NEGLIGENT,,T Junction,,,0.0,primary x tertiary,primary x tertiary,,FALSE,FALSE,FALSE,FALSE,FALSE,FALSE,FALSE,FALSE,FALSE,FALSE,,,,1,,,['Skidding x T Junction']
53,13_090/2024,2024,Unique,13,Halasuru Tr,090/2024,12.954719,77.641305,DELL TO AIRVIEW JUNCTION KORMANGALA INNER RING ROAD,14/10/2024,00:30:00,1.0,,,Fatal,Self Accident,2W,Self,2W and Self,Skidding,Rash and Negligent,14.10.2024 at 00:30,Two wheelers Pillon Rider,Skid and Fall,Self Accident,RASH AND NEGLIGENT ,,T Junction,,,0.0,primary x tertiary,primary x tertiary,,FALSE,FALSE,FALSE,FALSE,FALSE,FALSE,FALSE,FALSE,FALSE,FALSE,,,,1,concrete pavers,,['Skidding x T Junction']
54,15_038/2024,2024,Unique,15,Halasuru Tr,038/2024,12.952889,77.64043,DELL TO AIRVIEW JUNCTION KORMANGALA INNER RING ROAD,08/05/2024,10:45:00,,,,N.D.A,Vehicle-Pedestrian,Vehicle,Pedestrian,Vehicle and Pedestrian,Hit from Side,Rash and Negligent,08.05.2024 at 10:45 am,Pedstrian,Vehicle to Pedstrain,Hit From Side,RASH AND NEGLIGENT,,Entry/Exit to Land Use,T Junction,,2.0,primary x service,primary x service | primary x residential,,FALSE,TRUE,FALSE,FALSE,FALSE,TRUE,FALSE,FALSE,FALSE,FALSE,FALSE,FALSE,FALSE,1,,Hit Pedestrian,"['Hit Pedestrian - Hit from Side x Entry/Exit to Land Use', 'Hit Pedestrian - Hit from Side x T Junction']"
55,16_050/2024,2024,Unique,16,Halasuru Tr,050/2024,12.956002,77.641382,DELL TO AIRVIEW JUNCTION KORMANGALA INNER RING ROAD,17/07/2024,13:30:00,,1.0,,Non-Fatal,Vehicle-Pedestrian,Vehicle,Pedestrian,Vehicle and Pedestrian,Hit from Side,Rash and Negligent,17.07.2024 at 13:30 am,Pedstrian,Vehicle to Pedstrain,Hit From Side,RASH AND NEGLIGENT,,T Junction,Entry/Exit to Land Use,,1.0,primary x residential,primary x residential,,FALSE,FALSE,FALSE,FALSE,FALSE,TRUE,FALSE,FALSE,FALSE,FALSE,FALSE,TRUE,TRUE,1,,Hit Pedestrian,"['Hit Pedestrian - Hit from Side x T Junction', 'Hit Pedestrian - Hit from Side x Entry/Exit to Land Use']"
56,52_144/2024,2024,Legitimate,52,WHITEFIELD,144/2024,12.953563,77.744056,"WHITEFIELD MN RD, IMMADIHALLI JN TOWARDS SVASTHA HOSPITAL",15/08/2024,01:30:00,,1.0,,Non-Fatal,Vehicle-Vehicle,Lorry,2W,Lorry and 2W,Hit from Back,Rash and Negligent,15.08.2024 at around 01:30,Vehicle to Vehicle,TATA TRAILER LORRY/ Motor Cycle,Hit From Back,Rash &Negligence Driving,,Along Main Road,,,1.0,,,,FALSE,FALSE,FALSE,FALSE,FALSE,FALSE,TRUE,FALSE,FALSE,FALSE,,,,1,,,['Hit from Back x Along Main Road']
57,54_047/2024,2024,Unique,54,WHITEFIELD,047/2024,12.953563,77.744056,VARTHURU KODI TO VARTHURU BRIDGE,10/03/2024,13:00:00,1.0,,,Fatal,Vehicle-Vehicle,Lorry,2W,Lorry and 2W,Hit from Back,Rash and Negligent,10.03.2024 at around 13:00,Vehicle to Vehicle,Tipper Lorry V/s Motor Cycle,Hit From Back,Rash &Negligence Driving,,Along Main Road,,,1.0,,,,FALSE,FALSE,FALSE,FALSE,FALSE,FALSE,TRUE,FALSE,FALSE,FALSE,,,,1,,,['Hit from Back x Along Main Road']
58,56_078/02024,2024,Unique,56,WHITEFIELD,078/02024,12.952329,77.744771,VARTHURU KODI TO VARTHURU BRIDGE,29/04/2024,16:50:00,1.0,,,Fatal,Vehicle-Vehicle,Lorry,2W,Lorry and 2W,Hit from Back,Rash and Negligent,29.04.2024 at around 16:50,Vehicle to Vehicle,water Tanker V/s Scooter,Hit From Back,Rash &Negligence Driving,,Merge Point,,,1.0,,,,FALSE,FALSE,FALSE,FALSE,FALSE,FALSE,FALSE,TRUE,FALSE,FALSE,,,,1,,,['Hit from Back x Merge Point']
59,57_082/2024,2024,Unique,57,WHITEFIELD,082/2024,12.954886,77.744398,VARTHURU KODI TO VARTHURU BRIDGE,11/05/2024,02:00:00,1.0,,,Fatal,Vehicle-Vehicle,Lorry,2W,Lorry and 2W,Hit from Back,Rash and Negligent,11.05.2024 at around 02:00,Vehicle to Vehicle,Tipper Lorry V/s Motor Cycle,Hit From Back,Rash &Negligence Driving,,Along Main Road,,,1.0,,,,FALSE,FALSE,FALSE,FALSE,FALSE,FALSE,FALSE,TRUE,FALSE,FALSE,,,,1,,,['Hit from Back x Along Main Road']
60,58_083/2024,2024,Legitimate,58,WHITEFIELD,083/2024,12.953821,77.744434,VARTHURU KODI TO VARTHURU BRIDGE,12/02/2024,17:00:00,,1.0,,Non-Fatal,Vehicle-Vehicle,Canter,2W,Canter and 2W,Hit from Back,Rash and Negligent,12.02.2024 at around 17:00,Vehicle to Vehicle,Canter & Motor Cycle,Hit From Back,Rash &Negligence Driving,,Merge Point,,,1.0,,,,FALSE,FALSE,FALSE,FALSE,FALSE,FALSE,FALSE,TRUE,FALSE,FALSE,,,,1,,,['Hit from Back x Merge Point']
62,92_179/2022,2022,Legitimate,92,Kamakshipalya tr ps,179/2022,12.964579,77.575976,UTER RING ROAD  MAHADESHWARA TEMPAL TO NAGARABHAVI NAMURA THINDI UNDER PASS,03/09/2022,14:30:00,,,1.0,Non-Fatal,Vehicle-Vehicle,Car,Unknown,Car and Unknown,Hit from Side,Rash and Negligent,03.09.2022   14-30,Car Vs Pestriion ,,Left Side Impct ( left Leg Frcture),Rash And Negligence ,non Fatal,Bus Stop,Ramp Entry/Exit,Entry/Exit to Land Use,3.0,primary x primary,primary x primary,,FALSE,FALSE,TRUE,FALSE,TRUE,TRUE,FALSE,FALSE,FALSE,FALSE,,,,1,,,"['Hit from Side x Bus Stop', 'Hit from Side x Ramp Entry/Exit', 'Hit from Side x Entry/Exit to Land Use']"
77,44_164/2022,2022,Legitimate,44,WHITEFIELD,164/2022,12.969668,77.749891,WHITEFIELD MN RD and  IMMADIHALLI JN TOWARDS SVASTHA HOSPITAL,22/12/2022,13:20:00,,1.0,,Non-Fatal,Vehicle-Vehicle,Lorry,2W,Lorry and 2W,Hit from Back,Rash and Negligent,22.12.2022 at  13:20,Vehicle to Vehicle,,Hit From Back,Rash &Negligence Driving,Tipper Lorry & Honda Motor Cycle,Intersection,Entry/Exit to Land Use,,2.0,,,,FALSE,FALSE,FALSE,FALSE,FALSE,TRUE,FALSE,TRUE,FALSE,FALSE,,,,1,,,"['Hit from Back x Intersection', 'Hit from Back x Entry/Exit to Land Use']"
78,44_74/2023,2023,Unique,44,WHITEFIELD,74/2023,12.967179,77.749447,"WHITEFIELD MN RD, IMMADIHALLI JN TOWARDS SVASTHA HOSPITAL",04/02/2022,18:30:00,1.0,,,Fatal,Vehicle-Vehicle,Lorry,2W,Lorry and 2W,Hit from Back,Rash and Negligent,04.02.2022 at around 18:30,Vehicle to Vehicle,TIPPER LORRY & HONDA ACTIVA SCOOTER,Hit From Back,Rash &Negligence Driving,,Along Main Road,,,1.0,,,,FALSE,FALSE,FALSE,FALSE,FALSE,FALSE,TRUE,FALSE,FALSE,FALSE,,,,1,,,['Hit from Back x Along Main Road']
80,46_117/2023,2023,Legitimate,46,WHITEFIELD,117/2023,12.966248,77.749183,"WHITEFIELD MN RD, IMMADIHALLI JN TOWARDS SVASTHA HOSPITAL",21/05/2023,00:45:00,,1.0,,Non-Fatal,Vehicle-Vehicle,Car,Cycle,Car and Cycle,Hit from Back,Rash and Negligent,21.05.2023 at around 00:45,Vehicle to Yulu Cycle,Car v/s Yulu Electric Cycle,Hit From Back,Rash &Negligence Driving,,Intersection,,,0.0,primary x residential,primary x residential,,FALSE,FALSE,FALSE,FALSE,FALSE,FALSE,FALSE,FALSE,FALSE,FALSE,,,,1,,,['Hit from Back x Intersection']
81,47_127/2023,2023,Unique,47,WHITEFIELD,127/2023,12.968477,77.749682,"WHITEFIELD MN RD, IMMADIHALLI JN TOWARDS SVASTHA HOSPITAL",12/06/2023,00:15:00,1.0,,,Fatal,Vehicle-Vehicle,Canter,3W,Canter and 3W,Head-On,Rash and Negligent,12.06.2023 at around 00:15,Vehicle to Vehicle,Canter V/s Autorickshaw,Head on Collision,Rash &Negligence Driving,,U Turn,Entry/Exit to Land Use,,2.0,,,,FALSE,FALSE,FALSE,FALSE,FALSE,TRUE,FALSE,TRUE,FALSE,FALSE,,,,1,,,"['Head-On x U Turn', 'Head-On x Entry/Exit to Land Use']"
95,17_42/2023,2023,Legitimate,17,J B NAGAR TR PS,42/2023,12.984923,77.643024,"Indiranagar 80 feet road, 100 feet road junction, Old Madras Road",16/03/2023,21:30:00,,1.0,,Non-Fatal,Vehicle-Vehicle,Lorry,2W,Lorry and 2W,Hit from Side,Rash and Negligent,"16.03.2023, 21.30",RIDER OF M/C NO KA-03-KP-4560,Non-Fatal,HIT FROM SIDE BALERO GOODS VEHICLEKA-03-B-3573,RASH AND NEGLIGENT,,Bus Stop,Entry/Exit to Land Use,Along Service Road,3.0,,,,FALSE,FALSE,TRUE,FALSE,FALSE,TRUE,FALSE,TRUE,FALSE,FALSE,,,,1,,,"['Hit from Side x Bus Stop', 'Hit from Side x Entry/Exit to Land Use', 'Hit from Side x Along Service Road']"
96,20_56/2023,2023,Legitimate,20,J B NAGAR TR PS,56/2023,12.986109,77.64269,OLD BYAPPANAHALLI PLEYOVER KALAPALLI MAIN ROAD,30/03/2023,19:20:00,,1.0,,Non-Fatal,Vehicle-Vehicle,Bus,Cycle,Bus and Cycle,Hit from Back,Rash and Negligent,"30.03.2023, 19.20",RIDER OF CYCLE,Non-Fatal,HIT FROM BACK BUS NO KA-57-F-0562,RASH AND NEGLIGENT,,Along Local Road,,,0.0,,,,FALSE,FALSE,FALSE,FALSE,FALSE,FALSE,FALSE,FALSE,FALSE,FALSE,,,,1,,,['Hit from Back x Along Local Road']
97,21_185/2023,2023,Unique,21,J B NAGAR TR PS,185/2023,12.98514,77.64247,OLD BYAPPANAHALLI PLEYOVER KALAPALLI MAIN ROAD,17/07/2023,07:30:00,,1.0,,Non-Fatal,Vehicle-Vehicle,Car,Car,Car and Car,Head-On,Rash and Negligent,"17.07.2023, 07.30",DRIVER OF CAR NO KA-53-MG-9253,Non-Fatal,HEAD ON CAR NO KA-51-AC-6618,RASH AND NEGLIGENT,,T Junction,Along Local Road,,3.0,,,,FALSE,FALSE,TRUE,FALSE,FALSE,TRUE,FALSE,TRUE,FALSE,FALSE,,,,1,,,"['Head-On x T Junction', 'Head-On x Along Local Road']"
98,29_45170.0,2023,Unique,29,KR Pura traffic ps,45170.0,12.984923,77.643024,"RTO office kr pura, Medahalli",06/01/2023,23:15:00,1.0,,1.0,Fatal,Vehicle-Vehicle,3W,Car,3W and Car,Hit from Back,Rash and Negligent,"06/01/2023, 23-15",vehicle to vehilce,auto v/s car,hit from back,RASH AND NEGLIGENT,,Bus Stop,Entry/Exit to Land Use,Along Service Road,3.0,,,,FALSE,FALSE,TRUE,FALSE,FALSE,TRUE,FALSE,TRUE,FALSE,FALSE,,,,1,,,"['Hit from Back x Bus Stop', 'Hit from Back x Entry/Exit to Land Use', 'Hit from Back x Along Service Road']"
99,30_36/2023,2023,Legitimate,30,KR Pura traffic ps,36/2023,12.984923,77.643024,"RTO office kr pura, Medahalli",03/02/2023,15:00:00,1.0,,,Fatal,Vehicle-Vehicle,Vehicle,Vehicle,Vehicle and Vehicle,Hit from Back,Rash and Negligent,"03/02/2023, 15-00",vehicle to vehilce,vehicle to vehicle,hit from back,RASH AND NEGLIGENT,,Bus Stop,Entry/Exit to Land Use,Along Service Road,3.0,,,,FALSE,FALSE,TRUE,FALSE,FALSE,TRUE,FALSE,TRUE,FALSE,FALSE,,,,1,,,"['Hit from Back x Bus Stop', 'Hit from Back x Entry/Exit to Land Use', 'Hit from Back x Along Service Road']"
100,19_303/2024,2024,Unique,19,J B NAGAR TR PS,303/2024,12.985343,77.64413,"Indiranagar 80 feet road, 100 feet road junction, Old Madras Road",18/11/2024,13:00:00,1.0,,,Fatal,Vehicle-Vehicle,2W,2W,2W and 2W,Hit from Side,Rash and Negligent,"18.11.2024, 13.00",RIDER OF M/C NO. KA-53-HB-3574,Fatal,HIT FROM SIDE  M/C NO KA-53-HB-3574,RASH AND NEGLIGENT,,Entry/Exit to Land Use,,,2.0,,,,FALSE,FALSE,FALSE,FALSE,FALSE,TRUE,FALSE,TRUE,FALSE,FALSE,,,,1,,,['Hit from Side x Entry/Exit to Land Use']
101,20_298/2024,2024,Unique,20,J B NAGAR TR PS,298/2024,12.984734,77.642563,"Indiranagar 80 feet road, 100 feet road junction, Old Madras Road",16/11/2024,05:30:00,,1.0,,Non-Fatal,Vehicle-Pedestrian,2W,Pedestrian,2W and Pedestrian,Hit from Side,Rash and Negligent,"16.11.2024, 05.30",PEDESTRIAN,Non-Fatal,HIT FROM SIDE M/C NO KA-03-JT-5366,RASH AND NEGLIGENT,,Entry/Exit to Land Use,T Junction,,1.0,primary x tertiary,primary x tertiary,,FALSE,FALSE,FALSE,FALSE,FALSE,TRUE,FALSE,FALSE,FALSE,FALSE,FALSE,TRUE,TRUE,1,,Hit Pedestrian,"['Hit Pedestrian - Hit from Side x Entry/Exit to Land Use', 'Hit Pedestrian - Hit from Side x T Junction']"
102,25_102/2024,2024,Legitimate,25,J B NAGAR TR PS,102/2024,12.986109,77.64267,OLD BYAPPANAHALLI PLEYOVER KALAPALLI MAIN ROAD,28/04/2024,18:00:00,1.0,,,Fatal,Vehicle-Vehicle,Vehicle,3W,Vehicle and 3W,Head-On,Rash and Negligent,"28.04.2024, 18.00",PASSENGER  OF AUTO NO KA-03-AC-0971,Fatal,HEAD ON AUTO NO KA-03-AC-0971,RASH AND NEGLIGENT,,Along Local Road,,,0.0,,,,FALSE,FALSE,FALSE,FALSE,FALSE,FALSE,FALSE,FALSE,FALSE,FALSE,,,,1,,,['Head-On x Along Local Road']
110,18_35/2024,2024,Unique,18,J B NAGAR TR PS,35/2024,12.984119,77.640737,"Indiranagar 80 feet road, 100 feet road junction, Old Madras Road",08/02/2024,07:25:00,1.0,,,Fatal,Vehicle-Vehicle,Canter,2W,Canter and 2W,Hit from Back,Rash and Negligent,"08.02.2024, 07.25",RIDER OF M/C NO KA-41-Q-345,Fatal,HIT FROM BACK EICHER NO KA-50-1077,RASH AND NEGLIGENT,,Intersection,Entry/Exit to Land Use,,1.0,primary x primary,primary x primary,J-A051 | ARTERIAL,FALSE,FALSE,FALSE,FALSE,FALSE,TRUE,FALSE,FALSE,FALSE,FALSE,,,,1,,,"['Hit from Back x Intersection', 'Hit from Back x Entry/Exit to Land Use']"
111,59_135/2022,2022,Unique,59,Mahadevapura Tr PS,135/2022,12.999879,77.683194,3rd cross B Narayanapura to Lowry school junction,15/08/2022,22:00:00,1.0,,,Fatal,Vehicle-Vehicle,Unknown,2W,Unknown and 2W,Hit from Back,Rash and Negligent,15.08.2022 At 22-00,Goods  And Motor Cycle ,,Hit From Back,Rash &Negligence Driving,Goods  And Motor Cycle ,T Junction,,,1.0,primary x tertiary,,,FALSE,FALSE,FALSE,FALSE,FALSE,FALSE,TRUE,FALSE,FALSE,FALSE,,,,1,,,['Hit from Back x T Junction']
112,60_166/2022,2022,Legitimate,60,Mahadevapura Tr PS,166/2022,13.000057,77.683473,3rd cross B Narayanapura to Lowry school junction,19/09/2022,14:50:00,,1.0,,Non-Fatal,Vehicle-Pedestrian,2W,Pedestrian,2W and Pedestrian,Hit from Side,Rash and Negligent,19.09.2022 At 14-50,Motor Cycle And Pedestrian,,Hit From Right Side,Rash &Negligence Driving,Motor Cycle And Pedestrian,Bus Stop,T Junction,,2.0,,,,FALSE,FALSE,FALSE,FALSE,FALSE,FALSE,TRUE,FALSE,FALSE,FALSE,FALSE,FALSE,FALSE,1,,Hit Pedestrian,"['Hit Pedestrian - Hit from Side x Bus Stop', 'Hit Pedestrian - Hit from Side x T Junction']"
113,58_25/2022,2022,Legitimate,58,Mahadevapura Tr PS,25/2022,12.999692,77.681674,3rd cross B Narayanapura to Lowry school junction,17/02/2022,09:15:00,,1.0,,Non-Fatal,Vehicle-Vehicle,Canter,2W,Canter and 2W,Hit from Side,Rash and Negligent,17.02.2022 At  9-15,TATA Ace  And Scooter ,,Hit From Right Side,Rash &Negligence Driving,TATA Ace  And Scooter ,Intersection,,,1.0,,,,FALSE,FALSE,FALSE,FALSE,FALSE,FALSE,FALSE,TRUE,FALSE,FALSE,,,,1,,,['Hit from Side x Intersection']
114,60_158/2023,2023,Unique,60,Mahadevapura Tr PS,158/2023,13.000278,77.680783,3rd cross B Narayanapura to Lowry school junction,09/08/2023,09:30:00,,1.0,,Non-Fatal,Vehicle-Pedestrian,Car,Pedestrian,Car and Pedestrian,Hit from Back,Rash and Negligent,09.08.2023 At Around 9-30,Car And Pedestrian,Car And Pedestrian,Hit From Back,Rash &Negligence Driving,,Intersection,,,1.0,,,,FALSE,FALSE,FALSE,FALSE,FALSE,FALSE,TRUE,FALSE,FALSE,FALSE,FALSE,FALSE,FALSE,1,,Hit Pedestrian,['Hit Pedestrian - Hit from Back x Intersection']
115,61_198/2023,2023,Legitimate,61,Mahadevapura Tr PS,198/2023,13.000431,77.683395,3rd cross B Narayanapura to Lowry school junction,21/11/2023,13:45:00,1.0,,,Fatal,Vehicle-Pedestrian,Lorry,Pedestrian,Lorry and Pedestrian,Hit from Side,Rash and Negligent,21.11.2023 At Around 13-45,Lorry And Pedestrian,Lorry And Pedestrian,Hit From Side,Rash &Negligence Driving,,Bus Stop,T Junction,,1.0,primary x residential,primary x residential,,FALSE,FALSE,TRUE,FALSE,FALSE,FALSE,FALSE,FALSE,FALSE,FALSE,FALSE,FALSE,FALSE,1,,Hit Pedestrian,"['Hit Pedestrian - Hit from Side x Bus Stop', 'Hit Pedestrian - Hit from Side x T Junction']"
116,47_053/2022,2022,Unique,47,WHITEFIELD,053/2022,12.956857,77.745641,VARTHURU KODI TO VARTHURU BRIDGE,19/04/2022,05:45:00,,1.0,,Non-Fatal,Vehicle-Vehicle,Canter,2W,Canter and 2W,Head-On,Rash and Negligent,19.04.2022 at  05:45,Vehicle to Vehicle,,Head on Collision,Rash &Negligence Driving,Canter & Motor Cycle,Intersection,Entry/Exit to Land Use,,1.0,primary x primary,primary x primary,,FALSE,FALSE,FALSE,FALSE,FALSE,TRUE,FALSE,FALSE,FALSE,FALSE,,,,1,,,"['Head-On x Intersection', 'Head-On x Entry/Exit to Land Use']"
117,3_44/2023,2023,Legitimate,3,Halasuru Tr,44/2023,12.958161,77.641345,DELL TO AIRVIEW JUNCTION KORMANGALA INNER RING ROAD,13/03/2023,23:00:00,1.0,,,Fatal,Vehicle-Pedestrian,Vehicle,Pedestrian,Vehicle and Pedestrian,Hit from Side,Rash and Negligent,13.03.2023 at 23:00,Pedstrian,Vehicle to Pedstrain,Hit From Side ,RASH AND NEGLIGENT,,T Junction,Ramp Entry/Exit,,0.0,tertiary x residential,tertiary x residential,,FALSE,FALSE,FALSE,FALSE,FALSE,FALSE,FALSE,FALSE,FALSE,FALSE,TRUE,FALSE,TRUE,1,,Hit Pedestrian,"['Hit Pedestrian - Hit from Side x T Junction', 'Hit Pedestrian - Hit from Side x Ramp Entry/Exit']"
157,22_114/2024,2024,Unique,22,J B NAGAR TR PS,114/2024,12.959724,77.649165,GOLDEN ENCLAVE  APARTMENT OLD AIR PORT ROAD,20/05/2024,03:00:00,,1.0,,Non-Fatal,Vehicle-Vehicle,Vehicle,2W,Vehicle and 2W,Hit from Back,Rash and Negligent,"20.05.2024, 03.00",RIDER OF M/C NO KA-04-EK-3866,Non-Fatal,HIT FROM BACK AMBULANCE NO TG-07-T-0407,RASH AND NEGLIGENT,,Intersection,Bus Stop,Entry/Exit to Land Use,3.0,tertiary x tertiary,tertiary x tertiary,J-A045 | ARTERIAL,FALSE,TRUE,TRUE,FALSE,FALSE,TRUE,FALSE,FALSE,FALSE,FALSE,,,,1,,,"['Hit from Back x Intersection', 'Hit from Back x Bus Stop', 'Hit from Back x Entry/Exit to Land Use']"
158,19_114/2023,2023,Unique,19,J B NAGAR TR PS,114/2023,12.959513,77.653847,GOLDEN ENCLAVE  APARTMENT OLD AIR PORT ROAD,02/06/2023,10:00:00,,1.0,,Non-Fatal,Vehicle-Pedestrian,2W,Pedestrian,2W and Pedestrian,Hit from Side,Rash and Negligent,"02.06.2023, 10.00",PEDESTRIAN,Non-Fatal,HIT FROM SIDE M/C NO KA-02-KR-7089,RASH AND NEGLIGENT,,Intersection,Along Service Road,,3.0,,,,FALSE,TRUE,FALSE,FALSE,FALSE,TRUE,FALSE,TRUE,FALSE,FALSE,TRUE,TRUE,FALSE,1,,Hit Pedestrian,"['Hit Pedestrian - Hit from Side x Intersection', 'Hit Pedestrian - Hit from Side x Along Service Road']"
160,331_0036/2022,2022,Unique,331,BELLANDUR TRPS,0036/2022,12.903481,77.703955,KAIKONDRAHALLI JUNCTION ,04/06/2022,21:45:00,,2.0,,Non-Fatal,Vehicle-Vehicle,2W,Car,2W and Car,Hit from Back,Rash and Negligent,04.06.2022 @21.45,SCOOTER RIDER AND PILLION RIDER,,HIT FROM BACK SCOOTER V/S CAR,1. Over Speeding and  2. Dangerous/ negligent driving,NON FATAL,Bus Stop,Entry/Exit to Land Use,,3.0,,,J-A206 | ARTERIAL,FALSE,FALSE,TRUE,FALSE,FALSE,TRUE,FALSE,TRUE,FALSE,FALSE,,,,1,,,"['Hit from Back x Bus Stop', 'Hit from Back x Entry/Exit to Land Use']"
161,354_0035/2022,2022,Unique,354,BELLANDUR TRPS,0035/2022,12.914145,77.677644,KAIKONDRAHALLI JUNCTION ,26/05/2022,12:10:00,1.0,,,Fatal,Vehicle-Pedestrian,Lorry,Pedestrian,Lorry and Pedestrian,Hit from Back,Rash and Negligent,26.05.2022 @12.10,PEDASTRIAN,,HIT FROM BACK WATER TANKER V/S PEDESTRIAN,RASH AND NEGLIGENCE DRIVE,FATAL,Bus Stop,T Junction,,1.0,primary x secondary,primary x secondary,J-A491 | ARTERIAL,FALSE,FALSE,TRUE,FALSE,FALSE,FALSE,FALSE,FALSE,FALSE,FALSE,FALSE,TRUE,FALSE,1,,Hit Pedestrian,"['Hit Pedestrian - Hit from Back x Bus Stop', 'Hit Pedestrian - Hit from Back x T Junction']"
162,200_0048/2023,2023,Unique,200,BELLANDUR TRPS,0048/2023,12.91404,77.677402,KAIKONDRAHALLI JUNCTION ,10/04/2023,08:00:00,,1.0,,Non-Fatal,Vehicle-Pedestrian,2W,Pedestrian,2W and Pedestrian,Hit from Side,Rash and Negligent,10.04.2023 @08.00,PEDASTRIAN,NON FATAL,HIT FROM SIDE MOTOR CYCLE V/S PEDESTRIAN,Rash and Negligence,,Bus Stop,T Junction,,0.0,primary x secondary,primary x secondary,J-A491 | ARTERIAL,FALSE,FALSE,FALSE,FALSE,FALSE,FALSE,FALSE,FALSE,FALSE,FALSE,FALSE,TRUE,FALSE,1,,Hit Pedestrian,"['Hit Pedestrian - Hit from Side x Bus Stop', 'Hit Pedestrian - Hit from Side x T Junction']"
163,72_187/2024,2024,Legitimate,72,Jnanabharathi Tr PS,187/2024,12.96397,77.511169,Nagarabhavi ring road near sri malai mahadeshwara temple,30/05/2024,09:40:00,,1.0,,Non-Fatal,Vehicle-Vehicle,Car,2W,Car and 2W,Hit from Back,Rash and Negligent,30/05/2024 09:40,Vehicle To Vehicle,Non Fatal ,Two wheeler (self),"The gist of this case is that the complainant Shri.R.B.Muttaraj has filed a complaint that his wife Mrs. Sharada.A.L. 34 years old on date:-30-05-2024 at around 09-40 am while she was riding her scooter Pep No.KA-05-KM-5855 on Nagarbavi Outer Ring Road from Summanahalli side towards Nagarbavi Circle on the road near the Tax House when the driver of a Board Innova car came from behind on the same route with speed and negligence and hit the two-wheeler from behind. As a result, the two-wheeler rider Mrs. Sharada fell from the vehicle on the road and suffered injuries to her head and hands and legs and was admitted to Nagarbavi G.M. Hospital for treatment. The complaint is that the driver of the car that caused this accident should be identified and legal action should be taken etc.",,Along Local Road,,,1.0,,,,FALSE,FALSE,FALSE,FALSE,FALSE,FALSE,FALSE,FALSE,TRUE,FALSE,,,,1,,,['Hit from Back x Along Local Road']
164,147_0006/2024,2024,Unique,147,HSR TRPS,0006/2024,12.923802,77.639918,Auto mart Junction,20/01/2024,,,1.0,,Non-Fatal,Vehicle-Vehicle,Bus,2W,Bus and 2W,Hit from Back,Rash and Negligent,20.01.2024,Motor cycle rider,Non Fatal,HIT BY BACK Private Bus &  Scooter ,"1. Over Speeding,Dangerous/ negligent driving",,Intersection,Entry/Exit to Land Use,,2.0,primary x secondary,primary x secondary | secondary x secondary,,FALSE,FALSE,FALSE,FALSE,TRUE,TRUE,FALSE,FALSE,FALSE,FALSE,,,,1,,,"['Hit from Back x Intersection', 'Hit from Back x Entry/Exit to Land Use']"